{
  "stage": "pose_estimation",
  "pose_count": 3,
  "poses": [
    {
      "image_name": "001_12ab718319114976b6848963b9a80629.jpg",
      "translation": [
        1.495985,
        0.0,
        1.2784
      ],
      "rotation": [
        0.0,
        0.0,
        0.041698,
        0.99913
      ],
      "matrix": [
        [
          0.996523,
          -0.083323,
          0.0,
          1.495985
        ],
        [
          0.083323,
          0.996523,
          0.0,
          0.0
        ],
        [
          0.0,
          0.0,
          1.0,
          1.2784
        ],
        [
          0.0,
          0.0,
          0.0,
          1.0
        ]
      ],
      "confidence": 0.4171
    },
    {
      "image_name": "002_1434f17f0ada4d59bec5c16a3b53306f.jpg",
      "translation": [
        -0.817992,
        1.416805,
        1.11576
      ],
      "rotation": [
        0.0,
        0.0,
        0.886121,
        0.463454
      ],
      "matrix": [
        [
          -0.570421,
          -0.821353,
          0.0,
          -0.817992
        ],
        [
          0.821353,
          -0.570421,
          0.0,
          1.416805
        ],
        [
          0.0,
          0.0,
          1.0,
          1.11576
        ],
        [
          0.0,
          0.0,
          0.0,
          1.0
        ]
      ],
      "confidence": 0.4171
    },
    {
      "image_name": "003_f704a0080986427b99b952f023abfcd8.jpg",
      "translation": [
        -0.881885,
        -1.52747,
        1.1544
      ],
      "rotation": [
        0.0,
        0.0,
        0.846288,
        -0.532726
      ],
      "matrix": [
        [
          -0.432407,
          0.901679,
          0.0,
          -0.881885
        ],
        [
          -0.901679,
          -0.432407,
          0.0,
          -1.52747
        ],
        [
          0.0,
          0.0,
          1.0,
          1.1544
        ],
        [
          0.0,
          0.0,
          0.0,
          1.0
        ]
      ],
      "confidence": 0.3822
    }
  ]
}